parameter,true,iv_estimate,iv_se
intercept a,60.0,67.05896376936896,3.0805472682546013
slope b,30.0,34.24359022915753,1.8481722205022721
