Parameter,True value,Naive OLS,OLS SE,2SLS,2SLS SE
Intercept $a$,60.0,20.945177280021216,0.5625365187334369,67.05896376936896,3.0805472682546013
Slope $b$,30.0,6.570701196559051,0.3377146971868041,34.24359022915753,1.8481722205022721
