quantity,target,fit,difference
intensity beta,30.0,26.0,-4.0
volatility,0.029506471374640502,0.030963871286715832,0.00145739991207533
abs return autocorrelation,0.2063170622881545,0.21929233494212297,0.012975272653968473
excess kurtosis,0.4454459831031394,0.3984309280416631,-0.047015055061476296
