buses,hazard MAE
50,0.168771
150,0.093467
450,0.076078
1500,0.050432
