$k_0/k^{*}$,$c_0$ from shooting,$c_0/[f(k_0)-\delta k_0]$,$k(50)/k^{*}$,$c(50)/c^{*}$,Terminal capital gap
0.25,0.867114,0.742,0.9548,0.9790,2.75e-07
0.50,1.168448,0.840,0.9714,0.9868,3.70e-07
0.75,1.399473,0.923,0.9862,0.9936,3.17e-06
1.50,1.926453,1.150,1.0259,1.0118,7.69e-08
2.00,2.209384,1.302,1.0503,1.0228,4.36e-10
