Alpha bin,Mean alpha,Mean covariate,Choice rate,Agents
1,-1.76519,-1.05708,0.088,150
2,-0.9571,-0.59571,0.20133,150
3,-0.54737,-0.39354,0.3,150
4,-0.22614,-0.16351,0.392,150
5,0.08246,-0.05831,0.51067,150
6,0.41282,0.26929,0.672,150
7,0.8269,0.4585,0.736,150
8,1.53648,1.00611,0.89067,150
