Diagnostic,Value
Choice rate,0.47383333333333333
Switcher share,0.705
Correlation alpha and mean x,0.788262494791402
Pooled beta error,0.3462987405829465
Conditional beta error,0.05395382754316347
