Round,Tolerance,Proposals,Acceptance rate,ESS,Mean distance
0,0.83287,2000,0.5,1000.0,0.56064
1,0.58679,2499,0.4002,975.17,0.40135
2,0.41656,3176,0.3149,973.59,0.29671
3,0.30652,3707,0.2698,983.49,0.22441
4,0.23479,3957,0.2527,986.89,0.17128
5,0.17912,4506,0.2219,986.21,0.13077
