Estimator,Criterion,Success,Iterations,Parameter RMSE
MSM,0.000619285642995145,True,64,0.00557006923410807
Indirect inference,0.0001747950888543896,True,84,0.00899372310528647
