Parameter,True,Full-solution ML,CCP
theta_0,2.0,2.018121408059893,2.0176669236318077
theta_1,-0.15,-0.15346282374161108,-0.15333594987550944
